Category,Club / society,Instagram,Match status
Academic & Professional,UBC Computer Science Student Society (CSSS),https://www.instagram.com/ubc_csss/,Confirmed
Academic & Professional,UBC Arts Undergraduate Society (AUS),https://www.instagram.com/ubcaus/,Confirmed
Academic & Professional,UBC Science Undergraduate Society (SUS),https://www.instagram.com/susubc/,Confirmed
Academic & Professional,UBC Engineering Undergraduate Society (EUS),https://www.instagram.com/ubcengineers/,Confirmed
Academic & Professional,UBC Commerce Undergraduate Society (CUS),https://www.instagram.com/ubccus/,Confirmed
Academic & Professional,UBC Kinesiology Undergraduate Society (KUS),https://www.instagram.com/ubckin/,Candidate - not independently verified
Academic & Professional,UBC Forestry Undergraduate Society (FUS),https://www.instagram.com/ubcforestry/,Candidate faculty account; no separate exact society account verified
Academic & Professional,UBC Land and Food Systems Undergraduate Society (LFSUS),https://www.instagram.com/lfsus/,Confirmed
Academic & Professional,UBC Biology Sciences Society (BIOSOC),https://www.instagram.com/ubcbiosoc/,Candidate - not independently verified
Academic & Professional,UBC Chemistry Undergraduate Society (CHUS),https://www.instagram.com/ubcchus/,Candidate - not independently verified
Academic & Professional,UBC Physics Society,https://www.instagram.com/ubcphyssoc/,Candidate - not independently verified
Academic & Professional,UBC Mathematics Club,https://www.instagram.com/ubcmathclub/,Candidate - not independently verified
Academic & Professional,UBC Psychology Students Association (PSA),https://www.instagram.com/ubcpsa/,Candidate - not independently verified
Academic & Professional,UBC Economics Student Association (ESA),https://www.instagram.com/ubcesa/,Candidate - not independently verified
Academic & Professional,UBC Political Science Students Association (PSSA),https://www.instagram.com/ubcpssa/,Candidate - not independently verified
Academic & Professional,UBC Sociology Students Association (SSA),https://www.instagram.com/ubcssa/,Candidate - not independently verified
Academic & Professional,UBC Pre-Med Society,https://www.instagram.com/ubcpremed/,Candidate - not independently verified
Academic & Professional,UBC Pre-Law Society,https://www.instagram.com/ubcprelaw/,Candidate - not independently verified
Academic & Professional,UBC Pre-Dental Society,https://www.instagram.com/ubcpredentalsociety/,Candidate - not independently verified
Academic & Professional,UBC Finance Association,https://www.instagram.com/ubcfa/,Candidate - not independently verified
Academic & Professional,UBC Marketing Association,https://www.instagram.com/ubcma/,Candidate - not independently verified
Academic & Professional,UBC Data Science Club,https://www.instagram.com/ubcdsc/,Candidate - not independently verified
Academic & Professional,UBC Blockchain Club,https://www.instagram.com/ubcblockchain/,Candidate - not independently verified
Academic & Professional,UBC AI Club,https://www.instagram.com/ubcaiclub/,Candidate - not independently verified
Academic & Professional,UBC Women in Computer Science (WICS),https://www.instagram.com/ubcwics/,Candidate - not independently verified
Academic & Professional,UBC Women in Science,https://www.instagram.com/ubcwomeninscience/,Candidate - not independently verified
Academic & Professional,UBC BizTech,https://www.instagram.com/ubcbiztech/,Candidate - not independently verified
Academic & Professional,UBC Accounting Club,https://www.instagram.com/ubcaccountingclub/,Candidate - not independently verified
Academic & Professional,UBC Human Resources Management Association,https://www.instagram.com/ubchrma/,Candidate - not independently verified
Academic & Professional,UBC Consulting Club,https://www.instagram.com/ubcconsultingclub/,Candidate - not independently verified
Academic & Professional,UBC Sauder Sports Management,https://www.instagram.com/ubcssmc/,Candidate - not independently verified
Academic & Professional,UBC Philosophy Students Association,https://www.instagram.com/ubcphilosophy/,Candidate departmental/student association account - not independently verified
Academic & Professional,UBC History Students Association,https://www.instagram.com/ubchsa/,Candidate - not independently verified
Academic & Professional,UBC Geography Students Association,https://www.instagram.com/ubcgeography/,Candidate departmental/student association account - not independently verified
Academic & Professional,UBC Cognitive Science Student Association,https://www.instagram.com/ubccogss/,Candidate - not independently verified
Academic & Professional,UBC Neuroscience Undergraduate Corps,https://www.instagram.com/ubcnuc/,Candidate - not independently verified
Academic & Professional,UBC Biochemistry Undergraduate Society,https://www.instagram.com/ubcbiochemistry/,Candidate - not independently verified
Academic & Professional,UBC Microbiology & Immunology Students Association,https://www.instagram.com/ubcmisa/,Candidate - not independently verified
Academic & Professional,UBC Environmental Science Student Association,https://www.instagram.com/ubcessa/,Candidate - not independently verified
Academic & Professional,UBC Astronomy Club,https://www.instagram.com/ubcastronomyclub/,Candidate - not independently verified
Cultural & Language,UBC Chinese Students & Scholars Association (CSSA),https://www.instagram.com/ubccssa/,Candidate - not independently verified
Cultural & Language,UBC Hong Kong Student Association (HKSA),https://www.instagram.com/ubchksa/,Candidate - not independently verified
Cultural & Language,UBC Korean Students Association (KSA),https://www.instagram.com/ubcksa/,Candidate - not independently verified
Cultural & Language,UBC Japanese Students Association (JSA),https://www.instagram.com/ubcjsa/,Candidate - not independently verified
Cultural & Language,UBC Taiwanese Students Association (TSA),https://www.instagram.com/ubctsa/,Candidate - not independently verified
Cultural & Language,UBC Singapore Students Association,https://www.instagram.com/ubcssa.sg/,Candidate - not independently verified
Cultural & Language,UBC Malaysian Students Association,https://www.instagram.com/ubcmsa/,Candidate - not independently verified
Cultural & Language,UBC Vietnamese Students Association (VSA),https://www.instagram.com/ubcvsa/,Candidate - not independently verified
Cultural & Language,UBC Philippine Studies Series,,No exact official account verified
Cultural & Language,UBC South Asian Students Association (SASA),https://www.instagram.com/ubcsasa/,Candidate - not independently verified
Cultural & Language,UBC Indian Students Association,https://www.instagram.com/ubcisa/,Candidate - not independently verified
Cultural & Language,UBC Pakistan Students Association,https://www.instagram.com/ubcpsa.pak/,Candidate - not independently verified
Cultural & Language,UBC Persian Club,https://www.instagram.com/ubcpersianclub/,Candidate - not independently verified
Cultural & Language,UBC Turkish Students Association,https://www.instagram.com/ubctsa.turkish/,Candidate - not independently verified
Cultural & Language,UBC Arab Students Association,https://www.instagram.com/ubcarabstudents/,Candidate - not independently verified
Cultural & Language,UBC Latin American Students Association (LASA),https://www.instagram.com/ubclasa/,Candidate - not independently verified
Cultural & Language,UBC French Cultural Club,https://www.instagram.com/ubcfrenchclub/,Candidate - not independently verified
Cultural & Language,UBC German Club,https://www.instagram.com/ubcgermanclub/,Candidate - not independently verified
Cultural & Language,UBC Italian Club,https://www.instagram.com/ubcitalianclub/,Candidate - not independently verified
Cultural & Language,UBC Spanish Club,https://www.instagram.com/ubcspanishclub/,Candidate - not independently verified
Cultural & Language,UBC Nordic Club,,No exact official account verified
Cultural & Language,UBC Russian Speaking Club,https://www.instagram.com/ubcrussianspeakingclub/,Candidate - not independently verified
Cultural & Language,UBC African Students Association,https://www.instagram.com/ubcasa/,Candidate - not independently verified
Cultural & Language,UBC Caribbean Students Association,https://www.instagram.com/ubccsa/,Candidate - not independently verified
Cultural & Language,UBC Black Students Union,https://www.instagram.com/ubcbsu/,Candidate - not independently verified
Cultural & Language,UBC Indigenous Students Association,https://www.instagram.com/ubcisa.indigenous/,Candidate - not independently verified
Cultural & Language,UBC Armenian Students Association,https://www.instagram.com/ubcasa.armenian/,Candidate - not independently verified
Cultural & Language,UBC Hellenic Students Association,https://www.instagram.com/ubchsa.hellenic/,Candidate - not independently verified
Cultural & Language,UBC Polish Students Association,https://www.instagram.com/ubcpsa.polish/,Candidate - not independently verified
Cultural & Language,UBC Ukrainian Students Society,https://www.instagram.com/ubcuss/,Candidate - not independently verified
Cultural & Language,UBC Jewish Students Association / Hillel,https://www.instagram.com/hillelbc/,Confirmed organization match
Cultural & Language,UBC Muslim Students Association (MSA),https://www.instagram.com/ubc_msa/,Candidate - not independently verified
Cultural & Language,UBC Sikh Students Association,https://www.instagram.com/ubcsikhstudents/,Candidate - not independently verified
Cultural & Language,UBC Hindu Students Association,https://www.instagram.com/ubchsa/,Ambiguous handle; verify before use
Cultural & Language,UBC Thai Students Association,https://www.instagram.com/ubcthai/,Candidate - not independently verified
Cultural & Language,UBC Indonesian Students Association,https://www.instagram.com/ubcisa.indonesia/,Candidate - not independently verified
Cultural & Language,UBC Filipino Students Association,https://www.instagram.com/ubcfsa/,Candidate - not independently verified
Cultural & Language,UBC Korean Commerce Students Association,https://www.instagram.com/ubckcsa/,Candidate - not independently verified
Cultural & Language,UBC Han Voice,https://www.instagram.com/ubchanvoice/,Candidate - not independently verified
Cultural & Language,UBC Arab Youth Association,,No exact official account verified
Sports Recreation & Outdoors,UBC Varsity Outdoor Club (VOC),https://www.instagram.com/ubcvoc/,Candidate - not independently verified
Sports Recreation & Outdoors,UBC Ski & Board Club,https://www.instagram.com/ubcskiandboard/,Candidate - not independently verified
Sports Recreation & Outdoors,UBC Surf Club,https://www.instagram.com/ubcsurfclub/,Candidate - not independently verified
Sports Recreation & Outdoors,UBC Sailing Club,https://www.instagram.com/ubcsailing/,Candidate - not independently verified
Sports Recreation & Outdoors,UBC Dance Club,https://www.instagram.com/ubcdanceclub/,Candidate - not independently verified
Sports Recreation & Outdoors,UBC Ballet Club,https://www.instagram.com/ubcballetclub/,Candidate - not independently verified
Sports Recreation & Outdoors,UBC Yoga Club,https://www.instagram.com/ubcyogaclub/,Candidate - not independently verified
Sports Recreation & Outdoors,UBC Run Club,https://www.instagram.com/ubcrunclub/,Candidate - not independently verified
Sports Recreation & Outdoors,UBC Cycling Club,https://www.instagram.com/ubccyclingclub/,Candidate - not independently verified
Sports Recreation & Outdoors,UBC Triathlon Club,https://www.instagram.com/ubctriathlon/,Candidate - not independently verified
Sports Recreation & Outdoors,UBC Climbing Club,https://www.instagram.com/ubcclimbingclub/,Candidate - not independently verified
Sports Recreation & Outdoors,UBC Badminton Club,https://www.instagram.com/ubcbadminton/,Candidate - not independently verified
Sports Recreation & Outdoors,UBC Tennis Club,https://www.instagram.com/ubctennisclub/,Candidate - not independently verified
Sports Recreation & Outdoors,UBC Table Tennis Club,https://www.instagram.com/ubctabletennis/,Candidate - not independently verified
Sports Recreation & Outdoors,UBC Squash Club,https://www.instagram.com/ubcsquashclub/,Candidate - not independently verified
Sports Recreation & Outdoors,UBC Fencing Club,https://www.instagram.com/ubcfencing/,Candidate - not independently verified
Sports Recreation & Outdoors,UBC Rowing Club,https://www.instagram.com/ubcrowing/,Candidate - not independently verified
Sports Recreation & Outdoors,UBC Dragon Boat Club,https://www.instagram.com/ubcdragonboat/,Candidate - not independently verified
Sports Recreation & Outdoors,UBC Swim Club,https://www.instagram.com/ubcswimclub/,Candidate - not independently verified
Sports Recreation & Outdoors,UBC Water Polo Club,https://www.instagram.com/ubcwaterpolo/,Candidate - not independently verified
Sports Recreation & Outdoors,UBC Spikeball Club,https://www.instagram.com/ubcspikeball/,Candidate - not independently verified
Sports Recreation & Outdoors,UBC Ultimate Frisbee Club,https://www.instagram.com/ubcultimate/,Candidate - not independently verified
Sports Recreation & Outdoors,UBC Quidditch Club,https://www.instagram.com/ubcquidditch/,Candidate legacy account; sport may now use Quadball
Sports Recreation & Outdoors,UBC Equestrian Club,https://www.instagram.com/ubcequestrian/,Candidate - not independently verified
Sports Recreation & Outdoors,UBC Martial Arts Club,,No single exact umbrella-club account verified
Sports Recreation & Outdoors,UBC Karate Club,https://www.instagram.com/ubckarate/,Candidate - not independently verified
Sports Recreation & Outdoors,UBC Taekwondo Club,https://www.instagram.com/ubctaekwondo/,Candidate - not independently verified
Sports Recreation & Outdoors,UBC Judo Club,https://www.instagram.com/ubcjudo/,Candidate - not independently verified
Sports Recreation & Outdoors,UBC Jiu Jitsu Club,https://www.instagram.com/ubcjiujitsu/,Candidate - not independently verified
Sports Recreation & Outdoors,UBC Kendo Club,https://www.instagram.com/ubckendo/,Candidate - not independently verified
Sports Recreation & Outdoors,UBC Boxing Club,https://www.instagram.com/ubcboxingclub/,Candidate - not independently verified
Sports Recreation & Outdoors,UBC Muay Thai Club,https://www.instagram.com/ubcmuaythai/,Candidate - not independently verified
Sports Recreation & Outdoors,UBC Weightlifting Club,https://www.instagram.com/ubcweightlifting/,Candidate - not independently verified
Sports Recreation & Outdoors,UBC Powerlifting Club,https://www.instagram.com/ubcpowerlifting/,Candidate - not independently verified
Sports Recreation & Outdoors,UBC Calisthenics Club,https://www.instagram.com/ubccalisthenics/,Candidate - not independently verified
Sports Recreation & Outdoors,UBC Archery Club,https://www.instagram.com/ubcarchery/,Candidate - not independently verified
Sports Recreation & Outdoors,UBC Dodgeball Club,https://www.instagram.com/ubcdodgeball/,Candidate - not independently verified
Sports Recreation & Outdoors,UBC Cricket Club,https://www.instagram.com/ubccricketclub/,Candidate - not independently verified
Sports Recreation & Outdoors,UBC Rugby Club,https://www.instagram.com/ubcrugby/,Candidate - not independently verified
Sports Recreation & Outdoors,UBC Ice Hockey Club,https://www.instagram.com/ubcicehockey/,Candidate - not independently verified
Arts Media & Performance,UBC Film Society (FilmSoc),https://www.instagram.com/ubcfilmsoc/,Candidate - not independently verified
Arts Media & Performance,UBC Musical Theatre Society,https://www.instagram.com/ubcmts/,Candidate - not independently verified
Arts Media & Performance,UBC Player's Club,https://www.instagram.com/ubcplayersclub/,Candidate - not independently verified
Arts Media & Performance,UBC Pottery Club,https://www.instagram.com/ubcpotteryclub/,Candidate - not independently verified
Arts Media & Performance,UBC Visual Arts Student Association,https://www.instagram.com/ubcvasa/,Candidate - not independently verified
Arts Media & Performance,UBC Photography Club,https://www.instagram.com/ubcphotoclub/,Candidate - not independently verified
Arts Media & Performance,UBC Graphic Design Club,https://www.instagram.com/ubcgraphicdesign/,Candidate - not independently verified
Arts Media & Performance,UBC Jazz Association,https://www.instagram.com/ubcjazz/,Candidate - not independently verified
Arts Media & Performance,UBC Symphony Orchestra,https://www.instagram.com/ubcsymphony/,Candidate - not independently verified
Arts Media & Performance,UBC A Cappella,https://www.instagram.com/ubcacappella/,Candidate - not independently verified
Arts Media & Performance,UBC Beatboxing Club,https://www.instagram.com/ubcbeatbox/,Candidate - not independently verified
Arts Media & Performance,UBC K-Pop Dance Club (K-Wave),https://www.instagram.com/ubckwave/,Candidate - not independently verified
Arts Media & Performance,UBC Hip Hop Club,https://www.instagram.com/ubchiphop/,Candidate - not independently verified
Arts Media & Performance,UBC Salsa Club,https://www.instagram.com/ubcsalsa/,Candidate - not independently verified
Arts Media & Performance,UBC Tango Club,https://www.instagram.com/ubctango/,Candidate - not independently verified
Arts Media & Performance,UBC Swing Dance Club,https://www.instagram.com/ubcswing/,Candidate - not independently verified
Arts Media & Performance,UBC Anime Club,https://www.instagram.com/ubcanimeclub/,Candidate - not independently verified
Arts Media & Performance,UBC Manga Club,,No exact official account verified
Arts Media & Performance,UBC Creative Writing Club,https://www.instagram.com/ubccreativewriting/,Candidate - not independently verified
Arts Media & Performance,UBC Poetry Slam Club,https://www.instagram.com/ubcpoetryslam/,Candidate - not independently verified
Arts Media & Performance,UBC Comedy Club,https://www.instagram.com/ubccomedy/,Candidate - not independently verified
Arts Media & Performance,UBC Debate Society,https://www.instagram.com/ubcdebate/,Candidate - not independently verified
Arts Media & Performance,UBC Model United Nations,https://www.instagram.com/ubcmun/,Candidate - not independently verified
Arts Media & Performance,UBC Radio (CiTR 101.9FM),https://www.instagram.com/citranddiscorder/,Confirmed organization match
Arts Media & Performance,The Ubyssey Newspaper,https://www.instagram.com/ubyssey/,Confirmed organization match
Arts Media & Performance,UBC Film Production,https://www.instagram.com/ubcfilmproduction/,Candidate departmental/program account - not independently verified
Arts Media & Performance,UBC Magic Club,https://www.instagram.com/ubcmagicclub/,Candidate - not independently verified
Arts Media & Performance,UBC Circus Arts Club,https://www.instagram.com/ubccircus/,Candidate - not independently verified
Arts Media & Performance,UBC DJ Club,https://www.instagram.com/ubcdjclub/,Candidate - not independently verified
Arts Media & Performance,UBC Electronic Music Club,https://www.instagram.com/ubcemc/,Candidate - not independently verified
Arts Media & Performance,UBC Songwriters Club,https://www.instagram.com/ubcsongwriters/,Candidate - not independently verified
Arts Media & Performance,UBC Guitar Club,https://www.instagram.com/ubcguitarclub/,Candidate - not independently verified
Arts Media & Performance,UBC Piano Club,https://www.instagram.com/ubcpianoclub/,Candidate - not independently verified
Arts Media & Performance,UBC Origami Club,https://www.instagram.com/ubcorigami/,Candidate - not independently verified
Arts Media & Performance,UBC Calligraphy Club,https://www.instagram.com/ubccalligraphy/,Candidate - not independently verified
Arts Media & Performance,UBC Knitting and Crochet Club,https://www.instagram.com/ubcknittingandcrochet/,Candidate - not independently verified
Arts Media & Performance,UBC Fashion and Student Trends (FAST),https://www.instagram.com/ubcfast/,Candidate - not independently verified
Arts Media & Performance,UBC Cosplay Club,https://www.instagram.com/ubccosplay/,Candidate - not independently verified
Arts Media & Performance,UBC Woodworking Club,https://www.instagram.com/ubcwoodworking/,Candidate - not independently verified
Arts Media & Performance,UBC Architecture Student Association,https://www.instagram.com/ubcasa/,Ambiguous handle; verify before use
Social Justice Sustainability & Hobbies,UBC Sustainability Club,https://www.instagram.com/ubcsustainability/,Candidate - not independently verified
Social Justice Sustainability & Hobbies,UBC Climate Hub,https://www.instagram.com/ubcclimatehub/,Candidate - not independently verified
Social Justice Sustainability & Hobbies,UBC Environmental Policy Association,https://www.instagram.com/ubcepa/,Candidate - not independently verified
Social Justice Sustainability & Hobbies,UBC Waste Free Club,https://www.instagram.com/ubcwastefree/,Candidate - not independently verified
Social Justice Sustainability & Hobbies,UBC Roots & Shoots,https://www.instagram.com/ubcrootsandshoots/,Candidate - not independently verified
Social Justice Sustainability & Hobbies,UBC Oxfam,https://www.instagram.com/ubcoxfam/,Candidate legacy/current account - not independently verified
Social Justice Sustainability & Hobbies,UBC UNICEF,https://www.instagram.com/unicefubc/,Candidate - not independently verified
Social Justice Sustainability & Hobbies,UBC Amnesty International,https://www.instagram.com/amnestyubc/,Candidate - not independently verified
Social Justice Sustainability & Hobbies,UBC Red Cross Club,https://www.instagram.com/ubcredscross/,Candidate - not independently verified
Social Justice Sustainability & Hobbies,UBC World Vision,https://www.instagram.com/ubcworldvision/,Candidate - not independently verified
Social Justice Sustainability & Hobbies,UBC Right To Play,https://www.instagram.com/righttoplayubc/,Candidate - not independently verified
Social Justice Sustainability & Hobbies,UBC Pride Collective,https://www.instagram.com/ubcpridecollective/,Candidate - not independently verified
Social Justice Sustainability & Hobbies,UBC Women for Women,https://www.instagram.com/ubcwomenforwomen/,Candidate - not independently verified
Social Justice Sustainability & Hobbies,UBC HeForShe,https://www.instagram.com/heforsheubc/,Candidate - not independently verified
Social Justice Sustainability & Hobbies,UBC Mental Health Awareness Club,https://www.instagram.com/ubcmhac/,Candidate - not independently verified
Social Justice Sustainability & Hobbies,UBC Jack.org,https://www.instagram.com/jackdotorgubc/,Candidate - not independently verified
Social Justice Sustainability & Hobbies,UBC Peer Support,,No exact standalone club account verified
Social Justice Sustainability & Hobbies,UBC Social Justice Centre,https://www.instagram.com/ubcsjc/,Candidate - not independently verified
Social Justice Sustainability & Hobbies,UBC Enactus,https://www.instagram.com/enactusubc/,Candidate - not independently verified
Social Justice Sustainability & Hobbies,UBC Thirst Project,https://www.instagram.com/ubcthirstproject/,Candidate - not independently verified
Social Justice Sustainability & Hobbies,UBC Meal Exchange,https://www.instagram.com/mealexchangeubc/,Candidate legacy/current account - not independently verified
Social Justice Sustainability & Hobbies,UBC Food Bank Volunteers,https://www.instagram.com/amsfoodbank/,Organization account; not a separate volunteer club
Social Justice Sustainability & Hobbies,UBC Animal Rights Club,https://www.instagram.com/ubcanimalrights/,Candidate - not independently verified
Social Justice Sustainability & Hobbies,UBC Vegan Club,https://www.instagram.com/ubcveganclub/,Candidate - not independently verified
Social Justice Sustainability & Hobbies,UBC Vegetarian Club,,No exact official account verified
Social Justice Sustainability & Hobbies,UBC Fair Trade Club,https://www.instagram.com/fairtradeubc/,Candidate - not independently verified
Social Justice Sustainability & Hobbies,UBC Bike Co-op,https://www.instagram.com/bikecoopubc/,Candidate - not independently verified
Social Justice Sustainability & Hobbies,UBC Urban Studies Club,https://www.instagram.com/ubcurbanstudies/,Candidate - not independently verified
Social Justice Sustainability & Hobbies,UBC International Justice Mission,https://www.instagram.com/ijmubc/,Candidate - not independently verified
Social Justice Sustainability & Hobbies,UBC Habitat for Humanity,https://www.instagram.com/habitatubc/,Candidate - not independently verified
Social Justice Sustainability & Hobbies,UBC Esports Association,https://www.instagram.com/ubcesports/,Candidate - not independently verified
Social Justice Sustainability & Hobbies,UBC Pokémon Club,https://www.instagram.com/ubcpokemon/,Candidate - not independently verified
Social Justice Sustainability & Hobbies,UBC Chess Club,https://www.instagram.com/ubcchess/,Candidate - not independently verified
Social Justice Sustainability & Hobbies,UBC Board Games Society,https://www.instagram.com/ubcboardgames/,Candidate - not independently verified
Social Justice Sustainability & Hobbies,UBC Mahjong Club,https://www.instagram.com/ubcmahjong/,Candidate - not independently verified
Social Justice Sustainability & Hobbies,UBC Poker Club,https://www.instagram.com/ubcpokerclub/,Candidate - not independently verified
Social Justice Sustainability & Hobbies,UBC Trivia and Quiz Bowl,https://www.instagram.com/ubcquizbowl/,Candidate - not independently verified
Social Justice Sustainability & Hobbies,UBC Astronomy Interest Group,,Possible duplicate of UBC Astronomy Club; no separate account verified
Social Justice Sustainability & Hobbies,UBC Aviation Club,https://www.instagram.com/ubcaviationclub/,Candidate - not independently verified
Social Justice Sustainability & Hobbies,UBC Rocketry,https://www.instagram.com/ubcrocketry/,Candidate - not independently verified
